sample_id,label,measure,thai,trung,agree
BDD15,traffic_light,count,2,2,1
BDD15,traffic_light,attr:needs_review,false|false,false|false,1
BDD15,traffic_light,attr:state,unknown|unknown,unknown|unknown,1
BDD17,traffic_light,count,4,4,1
BDD17,traffic_light,attr:needs_review,false|false|false|false,false|false|false|false,1
BDD17,traffic_light,attr:state,green|green|red|red,green|green|red|red,1
BDD20,traffic_light,count,1,1,1
BDD20,traffic_light,attr:needs_review,false,false,1
BDD20,traffic_light,attr:state,unknown,unknown,1
BDD21,traffic_light,count,2,2,1
BDD21,traffic_light,attr:needs_review,false|false,false|false,1
BDD21,traffic_light,attr:state,green|unknown,green|green,0
BDD25,traffic_light,count,4,5,0
BDD25,traffic_light,attr:needs_review,false|false|false|false,false|false|false|false|false,0
BDD25,traffic_light,attr:state,green|green|green|green,green|green|green|green|green,0
LISA03,traffic_light,count,5,5,1
LISA03,traffic_light,attr:needs_review,false|false|false|false|false,false|false|false|false|false,1
LISA03,traffic_light,attr:state,red|red|red|red|red,red|red|red|red|red,1
