"sample_id","decision_id","expected","severity","kind","peer_evidence","correct","note"
"BDD12","1","IGNORE: không tạo box cho biển hiệu trạm xăng và cửa hàng","major","decision","none","1","Ảnh không có box; không gán biển hiệu trạm xăng/cửa hàng."
"BDD12","2","IGNORE: không tạo box cho đèn xe phía trước","major","decision","none","1","Ảnh không có box; không gán đèn xe."
"BDD18","1","IGNORE: tín hiệu bàn tay sáng ở bên phải ảnh","critical","decision","traffic_light [needs_review=true;state=__undefined__] | traffic_light [needs_review=true;state=green]","1","Hai box ở vùng xa x578..669 y300..316; không khoanh tín hiệu bàn tay bên phải."
"BDD18","2","IGNORE: đèn hậu các xe trong làn đường","major","decision","traffic_light [needs_review=true;state=__undefined__] | traffic_light [needs_review=true;state=green]","1","Không box nào nằm trên đèn hậu xe. Box thứ hai còn undefined là lỗi bổ sung ngoài hai decision gold của ảnh này."
"BDD22","1","label=traffic_light x0","major","decision","traffic_light [needs_review=false;state=unknown]×2","0","Peer vẽ 2 box; gold yêu cầu 0. Rộng 7.43 và 7.70 px nên không đạt inclusion cả hai chiều >=10px."
"BDD22","2","IGNORE: biển chỉ dẫn xanh bên phải","major","decision","traffic_light [needs_review=false;state=unknown]×2","1","Không box nào khoanh biển chỉ dẫn xanh lớn bên phải; hai box ở đường chân trời x680..713."
"BDD26","1","LABEL: cụm gần phía trên trái có state=green và needs_review=true","major","decision","traffic_light [needs_review=true;state=green]","1","Cụm gần trên trái có state green và needs_review=true đúng gold."
"BDD26","2","geometry: cụm gần trên trái khoanh phần vỏ xác định được hoặc lõi tín hiệu khi vỏ không rõ; loại halo cột và vệt phản chiếu; needs_review=true","major","geometry","traffic_light [needs_review=true;state=green]","0","Owner review ảnh gốc phóng to: box (471.75;37.15;511.34;107.67) bao cả vùng halo trên/dưới lõi tín hiệu; không đạt yêu cầu loại halo. Không có biên vỏ rõ để dùng ngoại lệ vỏ."
"BDD26","3","IGNORE: vệt xanh phản chiếu trên nắp xe phía dưới ảnh","major","decision","traffic_light [needs_review=true;state=green]","1","Không vẽ box vào vệt phản chiếu trên nắp xe."
"LISA08","1","IGNORE: cụm mũi tên rẽ trái phía trên tại x khoảng 747 y khoảng 164","critical","decision","traffic_light [needs_review=false;state=red]×6","0","Box (730.76;127.05;763.75;199.63) khoanh rõ cụm mũi tên rẽ trái; critical scope error."
"LISA08","2","LABEL: cụm tròn trên giữa tại x khoảng 940 y khoảng 170 có state=red","critical","decision","traffic_light [needs_review=false;state=red]×6","1","Box (925.40;141.90;956.74;206.23) khoanh cụm tròn trên giữa và state=red."
"LISA08","3","geometry: box cụm trên giữa ôm vỏ nhìn thấy; không gộp cụm mũi tên và không chứa cần treo","major","geometry","traffic_light [needs_review=false;state=red]×6","0","Owner review crop gốc x910..975 y125..225: box trên giữa bỏ phần vỏ/chụp nhô sang trái ở nửa dưới cụm; sai lệch vượt mục tiêu 2px. Không gộp cụm là đúng nhưng chưa ôm đủ vỏ nhìn thấy."
