sample_id,box_index,xtl,ytl,xbr,ybr,width_px,height_px,state,needs_review,below_minimum,unknown_without_review
BDD15,1,390.11,187.08,395.73,201.70,5.62,14.62,unknown,false,True,True
BDD15,2,277.54,182.49,284.04,197.09,6.5,14.6,unknown,false,True,True
BDD17,1,399.45,184.34,409.45,202.64,10.0,18.3,red,false,False,False
BDD17,2,423.25,205.94,433.15,224.04,9.9,18.1,red,false,True,False
BDD17,3,575.52,191.51,581.42,199.91,5.9,8.4,green,false,True,False
BDD17,4,512.12,176.91,519.42,191.01,7.3,14.1,green,false,True,False
BDD20,1,649.04,304.21,655.14,313.01,6.1,8.8,unknown,false,True,True
BDD21,1,331.69,282.43,340.89,307.73,9.2,25.3,green,false,True,False
BDD21,2,218.55,312.85,233.00,325.90,14.45,13.05,green,false,False,False
BDD25,1,822.75,229.00,840.05,252.30,17.3,23.3,green,false,False,False
BDD25,2,858.05,251.30,873.05,271.70,15.0,20.4,green,false,False,False
BDD25,3,574.70,245.51,588.20,263.01,13.5,17.5,green,false,False,False
BDD25,4,564.40,279.44,574.90,293.44,10.5,14.0,green,false,False,False
BDD25,5,603.13,281.94,608.83,290.14,5.7,8.2,green,false,True,False
LISA03,1,732.80,129.08,761.72,199.08,28.92,70.0,red,false,False,False
LISA03,2,926.03,140.26,954.62,210.58,28.59,70.32,red,false,False,False
LISA03,3,677.13,361.52,688.77,396.43,11.64,34.91,red,false,False,False
LISA03,4,811.78,397.52,823.56,426.36,11.78,28.84,red,false,False,False
LISA03,5,827.65,400.86,843.02,426.34,15.37,25.48,red,false,False,False
